980843	apps/web/public/brand/og-preview.png
366002	apps/web/public/prairieclassroom-logo.png
344627	apps/web/public/brand/onboarding-morning-command.png
209167	apps/web/public/brand/prairieclassroom-mark.png
208467	apps/web/public/brand/upload-artifact-loop.png
184742	apps/web/public/brand/workflow-review.png
159046	apps/web/public/brand/workflow-today.png
129631	apps/web/public/brand/workflow-ops.png
117401	apps/web/public/brand/workflow-prep.png
32845	apps/web/public/apple-touch-icon.png
5867	apps/web/public/favicon.png
673	apps/web/public/favicon.svg
